Group,x,b_effect,epsilon,y
1,-1.7,-0.184237,-0.311663,-0.18589999999999998
1,-0.8,-0.184237,-0.333438,0.42232500000000006
1,-0.2,-0.184237,1.179468,2.355231
1,0.0,-0.184237,0.836043,2.151806
1,1.5,-0.184237,0.055745,2.4215079999999998
2,-1.2,0.431049,0.169048,1.260097
2,-0.5,0.431049,0.461414,2.0424629999999997
2,0.3,0.431049,0.747861,2.8889099999999996
2,0.9,0.431049,0.604314,3.1653629999999997
2,1.8,0.431049,-0.777733,2.4133159999999996
